{"cameraMode":{"drawMode":0,"name":"Shaded","section":"Shading Mode"},"sceneLighting":false,"audioPlay":false,"sceneViewState":{"showFog":true,"showMaterialUpdate":false,"showSkybox":false,"showFlares":true,"showImageEffects":true,"showParticleSystems":true},"in2DMode":false,"pivot":{"x":-0.0016763508319854737,"y":0.7108012437820435,"z":0.1103920042514801},"rotation":{"x":-0.08411221951246262,"y":0.04720586910843849,"z":-0.004357723519206047,"w":-0.9955075979232788},"size":0.8957943916320801,"orthographic":false}