{"cameraMode":{"drawMode":0,"name":"Shaded","section":"Shading Mode"},"sceneLighting":true,"audioPlay":false,"sceneViewState":{"showFog":true,"showMaterialUpdate":false,"showSkybox":true,"showFlares":true,"showImageEffects":true,"showParticleSystems":true},"in2DMode":false,"pivot":{"x":-1.1349972486495972,"y":-0.6629657745361328,"z":-4.316164493560791},"rotation":{"x":-0.19189667701721192,"y":0.08437002450227738,"z":-0.016666075214743615,"w":-0.977749228477478},"size":3.3073947429656984,"orthographic":false}