{"cameraMode":{"drawMode":0,"name":"Shaded","section":"Shading Mode"},"sceneLighting":true,"audioPlay":false,"sceneViewState":{"showFog":true,"showMaterialUpdate":false,"showSkybox":true,"showFlares":true,"showImageEffects":true,"showParticleSystems":true},"in2DMode":false,"pivot":{"x":-2.488255262374878,"y":0.40925338864326479,"z":-4.423046588897705},"rotation":{"x":-0.0713590756058693,"y":0.2507074773311615,"z":-0.01862805336713791,"w":-0.9653598666191101},"size":2.70739483833313,"orthographic":false}