{"cameraMode":{"drawMode":0,"name":"Shaded","section":"Shading Mode"},"sceneLighting":true,"audioPlay":false,"sceneViewState":{"showFog":true,"showMaterialUpdate":false,"showSkybox":true,"showFlares":true,"showImageEffects":true,"showParticleSystems":true},"in2DMode":false,"pivot":{"x":6.433030128479004,"y":-2.779040813446045,"z":5.081750392913818},"rotation":{"x":-0.09408393502235413,"y":-0.35416853427886965,"z":0.03576080501079559,"w":-0.929879903793335},"size":6.607396125793457,"orthographic":false}