{"cameraMode":{"drawMode":0,"name":"Shaded","section":"Shading Mode"},"sceneLighting":true,"audioPlay":false,"sceneViewState":{"showFog":true,"showMaterialUpdate":false,"showSkybox":true,"showFlares":true,"showImageEffects":true,"showParticleSystems":true},"in2DMode":false,"pivot":{"x":0.13548345863819123,"y":1.1475788354873658,"z":-8.558979988098145},"rotation":{"x":-0.08705861121416092,"y":-0.05915506184101105,"z":0.005089272744953632,"w":-0.9945292472839356},"size":0.7473374605178833,"orthographic":false}