{"cameraMode":{"drawMode":0,"name":"Shaded","section":"Shading Mode"},"sceneLighting":true,"audioPlay":false,"sceneViewState":{"showFog":true,"showMaterialUpdate":false,"showSkybox":true,"showFlares":true,"showImageEffects":true,"showParticleSystems":true},"in2DMode":false,"pivot":{"x":-0.11941462755203247,"y":1.243415355682373,"z":-0.4256935119628906},"rotation":{"x":-0.12103936076164246,"y":-0.0913323387503624,"z":0.010939080268144608,"w":-0.9885838627815247},"size":0.7989258170127869,"orthographic":false}